Designator,Mid X,Mid Y,Layer,Rotation
U3,77.75,68.7,TopLayer,180
USB1,84.201,92.2905,TopLayer,180
U2,91.44,83.947,TopLayer,270
SW2,92.583,60.833,TopLayer,270
SW1,92.583,75.438,TopLayer,90
R8,81.534,83.185,TopLayer,90
R7,86.868,86.741,TopLayer,90
R6,79.756,86.741,TopLayer,90
R5,77.978,86.741,TopLayer,90
R4,76.2,86.741,TopLayer,90
R3,74.422,86.741,TopLayer,90
R2,88.9,65.532,TopLayer,90
D3,82.423,86.741,TopLayer,90
D2,70.612,84.963,TopLayer,90
D1,93.726,90.551,TopLayer,90
C7,79.756,83.185,TopLayer,270
C4,77.978,83.185,TopLayer,90
C3,83.312,83.185,TopLayer,90
C6,88.9,58.674,TopLayer,270
C5,88.9,62.103,TopLayer,90
C2,76.2,83.185,TopLayer,270
C1,74.422,83.185,TopLayer,270
Q1,107.442,76.073,TopLayer,270
R1,109.093,82.514,TopLayer,90
