Comment,Designator,Footprint,JLCPCB Part #
10uF,C1,PCB-p4p2p2gnhi9hwenucyw6-1,C15850
0.1uF,"C2, C6",PCB-p4p2p2gnhi9hwenucyw6-1,C49678
4.7uF,"C3, C4",PCB-p4p2p2gnhi9hwenucyw6-1,C1779
1uF,C5,PCB-p4p2p2gnhi9hwenucyw6-1,C28323
4.7nF,C7,PCB-p4p2p2gnhi9hwenucyw6-1,C1744
"Nexperia PMEG6010ETR,115",D1,PCB-7g2jdi2f3kobn77xwiru-1,C552936
RGB,D2,PCB-2252425-3,C409780
PRTR5V0U2X,D3,PRTR5V0U2X,C5158049
Everlight ELD207(TA)-V,Q1,S8+2_L,C146234
499,"R1, R3, R4, R5",PCB-p4p2p2gnhi9hwenucyw6-1,C17710
10k,R2,PCB-p4p2p2gnhi9hwenucyw6-1,C17414
5.1k,"R6, R7",PCB-p4p2p2gnhi9hwenucyw6-1,C27834
1M,R8,PCB-p4p2p2gnhi9hwenucyw6-1,C17514
XKB Connectivity TS-1187A-B-A-B,"SW1, SW2",MULT-TM-533I-Q,C318884
Espressif Systems ESP32-S3-MINI-1-N8,U1,Espressif Systems ESP32-S3-MINI-1-N8-Footprint-1,C2913206
LDO,U2,PCB-y1d1oxkqr7624y36j2k7-1,C460314
HRO Electronics TYPE-C-31-M-12,USB1,HRO Electronics TYPE-C-31-M-12-Footprint-1,C165948
